BindingDB_Reactant_set_id,IC50_nM
234663,0.00405
234662,0.00767
233780,0.0089
233756,0.0106
233754,0.0108
234659,0.0165
233838,0.0172
233755,0.0191
233811,0.0196
234657,0.0199
233806,0.0201
233757,0.0209
233834,0.0221
233749,0.0228
233775,0.0245
233753,0.0276
233745,0.0292
233820,0.0293
233748,0.0296
233859,0.0332
233776,0.035
233784,0.0359
234661,0.0366
233802,0.0367
233803,0.0384
233752,0.0397
233804,0.0398
233781,0.0413
233835,0.0432
233774,0.0464
233750,0.047
233843,0.0485
233815,0.049
233836,0.054
233812,0.0549
399672,0.055
399673,0.055
399674,0.055
399675,0.055
399676,0.055
399677,0.055
399678,0.055
399679,0.055
399680,0.055
399681,0.055
399682,0.055
399683,0.055
399684,0.055
399685,0.055
399686,0.055
50948665,1.1
50705196,1.1
50624579,1.1
50624580,1.1
50417720,1.1
216243,1.1
216262,1.1
216276,1.1
51061932,1.1
216332,1.13
50705207,1.14
50705202,1.2
50624581,1.2
50353851,1.2
50417751,1.2
50421318,1.2
352712,1.2
233796,1.2305
50948708,1.27
50948658,1.3
51061931,1.3
216301,1.3
216266,1.3
216229,1.3
216246,1.3
216220,1.3
216374,1.35
50948655,1.4
50948666,1.4
50905635,1.4
50905637,1.4
351116,1.4
50417493,1.4
50475561,1.4
50417723,1.4
50417726,1.4
216284,1.4
216376,1.43
216307,1.43
50948644,1.5
50705180,1.5
50417566,1.5
216250,1.5
352327,1.5
50905634,1.5
216334,1.55
50612772,1.6
50705194,1.6
216560,1.62
216392,1.63
50172041,10000
51092850,10080
50446010,10100
50446456,10300
50157313,10420
88579,10450
88577,10610
88563,10670
88624,10680
88591,10710
88572,10710
51061884,10800
88582,10990
51090884,11000
402074,11000
51064492,11000
88584,11060
51092854,11080
50224267,11400
88554,11410
50610990,11500
50446458,11800
50610987,11800
50500897,12100
50296905,12200
88547,12440
50712363,12600
51063152,13000
402069,13000
50446460,13100
50109796,13200
50423595,13500
88552,13710
88544,13770
50445975,13900
50624604,14000
50269536,14300
50446013,14900
51090877,15000
50494036,15800
88618,15840
402078,16000
50446061,16200
50446059,16200
51062079,16220
51093844,16600
50509294,16900
50246380,17453
50494019,17500
226369,1.80E+04
50905708,18000
226361,1.81E+04
226368,1.85E+04
50500895,18500
50905711,19000
50423582,20500
51062589,21000
50502723,21052
51062078,23300
226365,2.46E+04
226367,2.50E+04
50934206,25000
226364,2.55E+04
50500893,27300
50440514,28600
50610986,29000
50445504,29000
50500898,29700
402039,32000
50509302,33500
88537,35640
50440531,40900
50269540,45500
226366,5.55E+04
50592089,106700
50424312,111900
50424311,115300
50440532,131000
50592090,133600
50424314,138200
50440535,145300
50424313,162400
50423541,437300
50427181,25000000
230594,1.7
230596,1.7
50981593,1.7
50421314,1.7
216277,1.7
352650,1.7
216247,1.7
216386,1.73
50948661,1.8
443887,1.8
216244,1.8
50624582,1.8
216393,1.88
216397,1.88
255675,1.9
230597,1.9
216369,1.9
352457,1.9
443904,1.9
50417494,1.9
216282,1.9
233786,1.9595
285581,2
285587,2
285476,2
285485,2
285499,2
285512,2
285515,2
285531,2
285537,2
262083,2
51091408,2
262071,2
262074,2
51095858,2
50712277,2
50665822,2
50665734,2
50665737,2
50665777,2
50665779,2
50624583,2
50559412,2
50494435,2
414968,2
401235,2
401241,2
401247,2
401248,2
401252,2
401070,2
401123,2
401127,2
401144,2
401160,2
401193,2
401224,2
401032,2
401063,2
400901,2
400903,2
400769,2
400834,2
400663,2
400714,2
400717,2
400732,2
400632,2
50421315,2
50199356,2
285967,2
285968,2
285979,2
285877,2
285895,2
285900,2
285902,2
285905,2
285788,2
285763,2
285692,2
285541,2
216245,2.1
50353919,2.1
230598,2.1
50417495,2.1
216265,2.1
443853,2.1
50624584,2.1
50705184,2.1
50199373,2.1
216453,2.12
216237,2.2
230595,2.2
351113,2.2
352349,2.2
359266,2.2
50624585,2.2
50981591,2.2
50374892,2.3
352430,2.3
216341,2.37
50421317,2.4
216238,2.4
216226,2.4
50624586,2.4
50353846,2.4
50417496,2.5
51088996,2.5
50710807,2.5
352661,2.5
352721,2.5
50421316,2.6
50365800,2.6
50353847,2.6
216377,2.61
216333,2.61
50981592,2.7
352323,2.7
443888,2.7
50421313,2.8
50624587,2.8
352344,2.8
352426,2.8
352665,2.8
50353848,2.8
216275,2.8
50955297,2.8
216283,2.8
216403,2.84
50353920,2.9
50541118,3
285495,3
286813,3
285447,3
198682,3
286794,3
51091114,3
233794,3
51095857,3
213961,3
51062917,3
51062930,3
51062935,3
51062938,3
216209,3
216236,3
50948656,3
50948662,3
50948711,3
50712274,3
50920173,3
50920174,3
50665715,3
50665736,3
50665740,3
50665774,3
50564603,3
50564604,3
50919366,3
50919367,3
50624588,3
50559403,3
50639634,3
50541103,3
50541111,3
50494423,3
414971,3
415000,3
415003,3
415005,3
401231,3
401068,3
401069,3
401074,3
401128,3
401188,3
401190,3
401212,3
400936,3
401051,3
401061,3
400764,3
400766,3
418588,3
400835,3
400665,3
400716,3
400718,3
400720,3
400721,3
400724,3
400739,3
400747,3
400748,3
352347,3
50307618,3
285970,3
285983,3
50157207,3
285876,3
285896,3
285901,3
285906,3
285808,3
285695,3
285768,3
285542,3
285575,3
285583,3
285585,3
285596,3
285474,3
285478,3
285486,3
285488,3
216305,3.07
50417724,3.1
370868,3.1
50365794,3.1
50948663,3.1
50353852,3.1
50905627,3.1
50569684,3.1
216256,3.1
443891,3.1
217552,3.2
279118,3.2
50357801,3.2
216269,3.2
51061943,3.3
216251,3.3
50905643,3.4
216439,3.43
50624589,3.5
50353840,3.5
50353853,3.5
50710806,3.6
50905624,3.6
50366060,3.6
50981600,3.6
352429,3.7
50705195,3.7
216257,3.7
216368,3.72
216513,3.88
216518,3.93
50920180,4
50920181,4
50948709,4
50712270,4
50712272,4
50920141,4
50920176,4
50665738,4
50564601,4
50610999,4
50559413,4
50842815,4
50541100,4
50905626,4
50371627,4
50475505,4
50494040,4
414980,4
414981,4
414995,4
401158,4
400896,4
400758,4
418583,4
400836,4
400693,4
400744,4
400753,4
400644,4
352421,4
285958,4
285987,4
285991,4
285875,4
285881,4
285882,4
285884,4
285908,4
285775,4
285778,4
285759,4
285761,4
285681,4
285693,4
285540,4
285578,4
285588,4
285470,4
285482,4
285487,4
285535,4
286817,4
285459,4
51091100,4
51062102,4
51045308,4
51062934,4
51062936,4
51062943,4
51061854,4
216460,4.04
234529,4.09
50109742,4.1
51061933,4.2
50417538,4.2
50981601,4.2
50421319,4.3
352648,4.3
50569685,4.3
352509,4.4
50365825,4.4
352435,4.4
50981598,4.4
216517,4.41
153841,4.5
50417536,4.5
50624590,4.5
50905628,4.6
443917,4.6
443855,4.6
352519,4.6
50624591,4.6
352728,4.6
230599,4.7
50905625,4.7
50212657,4.7
50624592,4.8
443894,4.9
352424,4.9
216278,4.9
216375,4.93
216519,4.99
50712276,5
50712278,5
51062933,5
50920139,5
50665762,5
50665766,5
50560653,5
50564594,5
50564241,5
50564209,5
50564229,5
50564233,5
50475506,5
414978,5
414989,5
414996,5
401269,5
401155,5
401210,5
400937,5
401055,5
400863,5
400902,5
400919,5
418575,5
418584,5
418585,5
400827,5
400711,5
400740,5
400624,5
400645,5
50423566,5
285964,5
50157166,5
285879,5
285891,5
285779,5
285708,5
285741,5
285745,5
285760,5
285614,5
285671,5
285553,5
285609,5
285489,5
286797,5
285445,5
285458,5
285461,5
285466,5
286795,5
255686,5
50569670,5.1
50981597,5.1
50353921,5.2
50981588,5.2
286803,5.3
50624593,5.3
352350,5.4
50353841,5.5
50421320,5.5
216207,5.5
50353923,5.5
216302,5.57
352420,5.6
352697,5.6
216223,5.6
50948657,5.6
216459,5.64
50981589,5.7
50353842,5.7
234612,5.72
443877,5.8
216512,5.81
51061929,5.9
50565954,5.9
216365,5.94
262125,6
262135,6
262044,6
262045,6
262046,6
262047,6
262048,6
262051,6
262052,6
262053,6
262055,6
262058,6
262068,6
262070,6
51062932,6
399687,0.055
399688,0.055
399689,0.055
399690,0.055
399691,0.055
399692,0.055
399693,0.055
399694,0.055
399695,0.055
399696,0.055
399625,0.055
399626,0.055
399627,0.055
399628,0.055
399629,0.055
399630,0.055
399631,0.055
399632,0.055
399633,0.055
399634,0.055
399635,0.055
399636,0.055
399637,0.055
399638,0.055
399639,0.055
399640,0.055
399641,0.055
399642,0.055
399643,0.055
399644,0.055
399645,0.055
399646,0.055
399647,0.055
399648,0.055
399649,0.055
399650,0.055
399651,0.055
399652,0.055
399653,0.055
399654,0.055
399655,0.055
399656,0.055
399657,0.055
399658,0.055
399659,0.055
399660,0.055
399661,0.055
399662,0.055
399663,0.055
399664,0.055
51062937,6
50624594,6
50905629,6
50559404,6
50559414,6
50848751,6
443906,6
50494045,6
414958,6
415016,6
401126,6
401137,6
401177,6
401179,6
401064,6
400848,6
400885,6
400904,6
418578,6
418581,6
400807,6
400833,6
400669,6
400683,6
400715,6
400719,6
400722,6
400743,6
50335187,6
50423569,6
285966,6
50157164,6
285889,6
285892,6
285910,6
285843,6
285704,6
285727,6
285737,6
285619,6
285621,6
285563,6
285579,6
286799,6
262087,6
262090,6
262098,6
50094240,6
262100,6
262101,6
262102,6
262117,6
262123,6
50353922,6.1
352704,6.1
352649,6.1
352315,6.1
50421321,6.2
234632,6.22
50199381,6.3
443866,6.4
216252,6.4
352314,6.4
286811,6.4
443897,6.4
50981602,6.5
443892,6.5
352534,6.6
216314,6.6
216268,6.6
50109744,6.6
216501,6.63
443883,6.7
352726,6.7
50353849,6.8
50569686,6.8
443902,6.8
50973067,6.85
234653,6.89
50981605,6.9
216272,6.9
50842791,7
50976222,7
443896,7
50371598,7
414998,7
401140,7
401187,7
401204,7
400884,7
400767,7
418577,7
400736,7
400737,7
50466187,7
400621,7
285973,7
285842,7
285703,7
285766,7
285618,7
285694,7
285546,7
285492,7
285526,7
286810,7
285453,7
262082,7
262084,7
198680,7
286782,7
286784,7
262099,7
262112,7
262126,7
262050,7
262057,7
262061,7
262067,7
262069,7
51095860,7
51062912,7
50494429,7
216417,7.01
352603,7.1
50569681,7.1
216367,7.21
50569687,7.3
50624595,7.3
50937693,7.3
352692,7.3
50365797,7.3
216366,7.34
50353843,7.4
50973017,7.4
216415,7.4
50353918,7.4
352452,7.4
234550,7.42
50081149,7.5
216503,7.6
443870,7.6
443895,7.6
216442,7.64
352345,7.7
234542,7.71
50417497,7.8
50905636,7.8
216364,7.95
285592,8
50564227,8
50564213,8
50564201,8
50564237,8
50559424,8
50559406,8
50905639,8
50665778,8
50920150,8
50712275,8
50712273,8
50948645,8
286790,8
285460,8
285594,8
50842788,8
285561,8
285678,8
285675,8
285784,8
50475528,8
50494052,8
414959,8
401072,8
400989,8
401006,8
401042,8
400893,8
400911,8
418590,8
400691,8
400742,8
50307578,8
50353850,8
285963,8
50157177,8
285782,8
234565,8.04
443865,8.1
352540,8.1
216500,8.12
443867,8.2
50417534,8.2
216264,8.3
255677,8.3
234556,8.36
352703,8.4
352465,8.4
216482,8.48
216211,8.5
234596,8.54
50981594,8.7
352717,8.8
286807,8.8
50109745,8.8
216318,8.88
50199380,8.9
234570,8.97
50494432,9
50559408,9
50494050,9
414986,9
401249,9
401256,9
401066,9
401071,9
401169,9
401199,9
400987,9
401041,9
401049,9
400876,9
400894,9
400917,9
400692,9
400712,9
352733,9
50307557,9
285975,9
285883,9
285918,9
285796,9
285809,9
285699,9
285712,9
285731,9
285615,9
285616,9
285680,9
285551,9
285598,9
285604,9
285517,9
285538,9
286806,9
285417,9
285446,9
285454,9
286792,9
50371625,9
50665739,9
50920148,9
50920177,9
51095855,9
216515,9.04
50981587,9.1
216404,9.1
216356,9.19
216273,9.2
234639,9.2
234615,9.3
216285,9.3
50624596,9.3
50973016,9.8
234638,9.99
443874,10
50541102,10
401255,10
401148,10
401056,10
401059,10
400886,10
400794,10
400733,10
400623,10
352680,10
352518,10
352425,10
352308,10
50224275,10
50353839,10
285885,10
285907,10
285765,10
285620,10
285556,10
285576,10
285586,10
285480,10
285494,10
286809,10
285457,10
255672,10
50494043,10
50559418,10
50665771,10
233795,10
233797,10
233800,10
51095862,10
50920179,10
50712268,10
50920145,10
216502,10.36
216395,10.47
216504,10.69
234616,10.8
443879,11
50848748,11
414936,11
401232,11
400921,11
418591,11
400798,11
400822,11
400698,11
400750,11
352645,11
352654,11
352436,11
352438,11
352380,11
50157199,11
285890,11
285786,11
285829,11
285613,11
285622,11
285623,11
285667,11
285669,11
285557,11
285562,11
285589,11
285595,11
285475,11
285483,11
285481,11
285513,11
285401,11
51092869,11
262118,11
443881,11
50848730,11
50842816,11
50559405,11
50905642,11
50665741,11
51045322,11
51045319,11
50981604,11.1
216480,11.29
216320,11.41
216381,11.53
216359,11.63
216279,11.7
234538,11.8
443857,12
50842793,12
50417506,12
414934,12
414985,12
400988,12
401062,12
418586,12
418594,12
400661,12
50466183,12
352550,12
352589,12
352505,12
50357802,12
351821,12
351820,12
50199368,12
50307577,12
285962,12
285893,12
285917,12
285792,12
285823,12
285610,12
285682,12
285684,12
286788,12
51091118,12
234655,12
51091077,12
51061939,12
51094611,12
51095840,12
443864,12
50559407,12
50665769,12
50665768,12
50665735,12
153840,12
50712269,12
50920226,12
216536,12.26
50569683,12.5
50981607,12.6
216479,12.74
216241,12.8
50981603,12.8
216355,12.82
401267,13
50569682,13
401206,13
401040,13
401060,13
400847,13
400897,13
400819,13
400832,13
400725,13
352716,13
50466188,13
50466352,13
352667,13
352693,13
352495,13
352318,13
352340,13
352341,13
50423568,13
50199379,13
285960,13
285914,13
285702,13
285719,13
285728,13
285767,13
285509,13
285520,13
285421,13
414920,13
50569669,13
50665764,13
50665763,13
51061935,13
234622,13.1
216396,13.19
216327,13.24
216205,13.4
234644,13.7
216406,13.9
443852,14
50564219,14
414922,14
414933,14
415009,14
414899,14
401172,14
400864,14
418574,14
352719,14
352730,14
50466184,14
352317,14
352346,14
352418,14
352419,14
50357797,14
285961,14
285904,14
285769,14
285798,14
285833,14
285602,14
285497,14
285514,14
286785,14
50417537,14
50559410,14
51095845,14
50937688,14
50665805,14
50665770,14
50569671,14
50611000,14
216315,14.35
234557,14.4
443910,15
443900,15
50564189,15
50565955,15
50710830,15
50976232,15
51061936,15
51095847,15
414966,15
414913,15
401045,15
400912,15
399665,0.055
399666,0.055
399667,0.055
399668,0.055
399669,0.055
399670,0.055
399671,0.055
233810,0.0581
233851,0.0585
233823,0.0603
233813,0.0646
233826,0.0668
233768,0.0676
233769,0.07
233850,0.0708
233818,0.0713
233821,0.0717
233827,0.0763
233814,0.0764
233751,0.0765
233853,0.0782
233798,0.0797
233744,0.0822
233852,0.0838
233763,0.0847
233773,0.0876
233785,0.088
50199359,0.09
233805,0.09
233746,0.0926
233747,0.0986
401270,0.1
401275,0.1
233828,0.1026
234665,0.106
233832,0.1067
233772,0.1079
233837,0.1084
234660,0.109
233807,0.1115
233846,0.1131
234664,0.116
50475562,0.12
233764,0.1214
233801,0.1236
234658,0.129
233824,0.1294
233822,0.1314
233779,0.1338
233817,0.1373
400760,15
400768,15
418576,15
352705,15
352696,15
352536,15
352422,15
352328,15
352351,15
285977,15
285758,15
285565,15
285484,15
286808,15
286814,15
286818,15
51091103,15
234555,15
216383,15.01
216330,15.09
216434,15.1
216270,15.1
234546,15.2
216489,15.23
221723,15.51
443854,16
50842785,16
443871,16
443893,16
50371606,16
415011,16
400993,16
400875,16
400890,16
400905,16
400781,16
400745,16
352646,16
352653,16
352538,16
352598,16
50353900,16
50199376,16
50252410,16
50307589,16
285791,16
285726,16
285630,16
285663,16
285685,16
285687,16
285566,16
285490,16
50081110,16
443863,16
50559402,16
50559409,16
50710804,16
50920178,16
51061937,16
234540,16.2
216467,16.51
3039,16.51
216465,16.54
2880,16.54
234560,16.7
234608,16.7
234554,16.8
216440,16.84
443860,17
285771,17
50665752,17
50937694,17
50976221,17
51062929,17
285449,17
285528,17
285580,17
285573,17
285762,17
50494044,17
414990,17
401257,17
50365806,17
50365828,17
418589,17
400676,17
50466351,17
352658,17
352573,17
351816,17
50357800,17
352309,17
50353845,17
285867,17
285886,17
285911,17
50842807,17
285818,17
285700,17
285733,17
216323,17.32
234607,17.4
216322,17.42
335039,17.5
234614,17.5
370424,17.5
234647,17.6
234571,17.7
216474,17.76
234656,17.8
443869,18
50842763,18
443905,18
443909,18
415017,18
414921,18
401145,18
400959,18
418572,18
50391281,18
400840,18
400658,18
400620,18
352326,18
50357816,18
50252430,18
285980,18
50157186,18
285772,18
285698,18
285701,18
285629,18
285468,18
285493,18
285527,18
286798,18
285416,18
286786,18
286789,18
443898,18
50559419,18
50559411,18
50665754,18
50937687,18
50715372,18
234583,18
51061944,18
51095839,18
234527,18.1
234533,18.3
234605,18.5
216316,18.68
234562,18.7
216507,18.73
443907,19
50848758,19
414935,19
400925,19
352527,19
352491,19
351824,19
352307,19
285915,19
285928,19
285785,19
285555,19
285605,19
286805,19
285439,19
286783,19
414923,19
216274,19
50976218,19
50712299,19
50665753,19
50842761,19
234544,19.5
50494059,20
50442507,20
414932,20
401280,20
401181,20
400888,20
400923,20
400660,20
400697,20
352423,20
352434,20
352442,20
352352,20
50413175,20
50307569,20
50307617,20
285959,20
285849,20
285909,20
285735,20
285657,20
285577,20
285582,20
285436,20
50081145,20
234637,20
414930,20
50879707,20
50842794,20
51061940,20
51062941,20
216202,20
50569677,20
50569678,20
50905610,20
234587,20.1
234584,20.6
216311,20.73
443861,21
50848753,21
50494051,21
414973,21
414993,21
401094,21
400756,21
400759,21
400664,21
400713,21
400746,21
352720,21
400625,21
400626,21
400652,21
352554,21
352437,21
352508,21
285799,21
285815,21
285757,21
285640,21
285511,21
286796,21
285450,21
443868,21
50905638,21
50920142,21
216488,21.25
234531,21.9
414925,22
50905632,22
401050,22
400869,22
352710,22
400646,22
352427,22
285817,22
285751,22
285639,22
285560,22
285467,22
285525,22
285430,22
285437,22
401281,22
50624598,22
50624597,22
50976229,22
50976228,22
51045323,22
234591,22
51061942,22
51073017,22
216353,22.1
234645,22.3
50973021,22.4
234598,22.5
216329,22.59
234635,22.6
443880,23
443884,23
50494046,23
50365819,23
50366007,23
50366054,23
418582,23
400695,23
400699,23
400618,23
352512,23
352443,23
285954,23
285939,23
285794,23
285810,23
285846,23
285732,23
285739,23
285625,23
285647,23
285674,23
285679,23
285510,23
255679,23
51045313,23
50976233,23
50665758,23
50665765,23
216413,23.38
258334,23.4
234613,23.4
234585,23.7
216380,23.89
443856,24
50976234,24
50371624,24
414953,24
414965,24
401278,24
401073,24
401183,24
400666,24
400738,24
352535,24
352431,24
352455,24
352379,24
352401,24
352406,24
285783,24
285826,24
285840,24
285697,24
285668,24
285547,24
50109746,24
443899,24
50976219,24
51095844,24
51072998,24
51091089,24
234631,24.3
216553,24.7
234606,24.8
216424,24.83
50417502,25
50905618,25
400877,25
400844,25
400704,25
352673,25
50423567,25
50413177,25
50157168,25
285878,25
285797,25
285845,25
285611,25
285554,25
285584,25
285455,25
255683,25
51062940,25
415006,25
50976217,25
50665790,25
50848752,25
216204,25.9
414919,26
50560652,26
400667,26
400687,26
352702,26
352635,26
352343,26
352359,26
352361,26
351818,26
285814,26
285666,26
285574,26
285597,26
285501,26
285530,26
400991,26
50610992,26
50948710,26
51061892,26
51095837,26
234536,26.2
234609,26.2
216328,26.32
216414,26.69
216249,26.8
216435,26.89
443876,27
50611004,27
414974,27
400960,27
352718,27
400617,27
400633,27
352671,27
352463,27
352382,27
50421322,27
285971,27
285850,27
285707,27
285717,27
51091109,27
443908,27
50712267,27
50710835,27
51091073,27
234601,27.2
234558,27.3
216335,27.42
216412,27.55
216552,27.56
216222,27.7
443918,28
50842803,28
401047,28
400879,28
400913,28
400839,28
352647,28
352313,28
285978,28
285851,28
285871,28
285873,28
285880,28
285935,28
285770,28
285825,28
285567,28
285591,28
285503,28
286815,28
401113,28
50560640,28
51061941,28
50665797,28
50955232,28
234627,28.6
216429,28.92
443911,29
50842802,29
400874,29
400755,29
352610,29
352633,29
352684,29
352555,29
352583,29
285729,29
262079,29
443882,29
50665795,29
50710836,29
216260,29
216520,29.07
216336,29.1
234649,29.5
234623,29.6
216535,29.92
443859,30
50559421,30
400924,30
418592,30
352732,30
352678,30
352687,30
352441,30
352444,30
352329,30
50357827,30
351822,30
50252409,30
50224273,30
285830,30
285720,30
285568,30
285477,30
401164,30
50920149,30
216425,30.41
216506,30.45
401226,31
50624599,31
50712300,31
400845,31
352698,31
352727,31
352634,31
352670,31
352454,31
352504,31
352337,31
50252417,31
233839,0.1373
233816,0.139
233767,0.1401
233825,0.1413
233844,0.1455
233782,0.1466
51095850,0.15
233766,0.1532
233783,0.1543
233777,0.1612
233833,0.1665
233778,0.1669
233765,0.1684
233841,0.1694
50705183,0.17
50705197,0.17
233845,0.1751
233830,0.1769
233842,0.1804
233809,0.1806
50705186,0.19
233799,0.1915
233848,0.1921
400705,0.2
401213,0.2
401220,0.2
414983,0.2
414984,0.2
50857181,0.2
50246528,0.2
51095851,0.2
50905640,0.2
50710787,0.2
415001,0.2
233849,0.2125
233854,0.2168
233857,0.2185
50199358,0.22
50199377,0.22
233808,0.2215
233771,0.2226
233829,0.223
50705185,0.23
233860,0.2305
233759,0.2469
233831,0.2551
351114,0.26
216308,0.27
50199357,0.27
351115,0.29
50252428,31
285982,31
285781,31
285722,31
285723,31
285545,31
285456,31
51072997,31
216426,31.33
221709,31.37
216295,31.6
443858,32
50665794,32
401276,32
401157,32
50391277,32
352672,32
352694,32
352545,32
352548,32
352432,32
352481,32
352335,32
352387,32
352402,32
352294,32
352312,32
285990,32
285710,32
285714,32
285749,32
285603,32
286779,32
414964,32
234541,32
234539,32
216384,32.09
234589,32.1
234621,32.1
234559,32.2
216549,32.27
234642,32.4
234654,32.5
234548,32.5
216233,32.6
216463,32.64
443915,33
50559401,33
414929,33
415015,33
401240,33
400887,33
400914,33
400741,33
352609,33
352636,33
352513,33
352558,33
352489,33
352503,33
50417721,33
50230906,33
285869,33
285898,33
285847,33
285730,33
285544,33
285606,33
51091086,33
234547,33
51073014,33
51045324,33
50494057,33
50559435,33
216321,33.07
216472,33.44
216498,33.69
216317,33.95
443872,34
50905630,34
400870,34
352604,34
352605,34
352623,34
352559,34
352440,34
352403,34
285872,34
285806,34
285834,34
285550,34
262078,34
50081144,34
414941,34
234535,34.2
234603,34.3
234640,34.4
50973022,34.5
443873,35
50976225,35
401067,35
401203,35
401008,35
401057,35
352714,35
352652,35
352520,35
352567,35
352480,35
352389,35
285947,35
294099,35
285852,35
285870,35
285705,35
285624,35
285650,35
285662,35
414949,35
216345,35.44
234636,35.6
234628,35.8
234626,35.9
443878,36
50905633,36
50494047,36
401136,36
352637,36
352686,36
352549,36
352476,36
352306,36
285822,36
285836,36
285747,36
285665,36
285403,36
285462,36
285465,36
50081126,36
286791,36
50371583,36
50976223,36
216344,36.05
234595,36.4
414944,37
414956,37
51061928,37
401201,37
400929,37
400956,37
401043,37
400854,37
400763,37
418587,37
400677,37
400648,37
352479,37
285725,37
285673,37
285506,37
285523,37
51095838,37
51045311,37
51062939,37
51061872,37
216487,37.11
234618,37.4
400949,38
401053,38
50710838,38
51061938,38
400916,38
400926,38
400782,38
400701,38
400629,38
370876,38
352525,38
352464,38
352466,38
352469,38
285848,38
285930,38
285933,38
285824,38
285839,38
285438,38
216248,38.4
216338,38.5
221713,38.73
414819,39
50440530,39
418579,39
400838,39
400689,39
352571,39
352459,39
352390,39
352412,39
352417,39
50199366,39
285790,39
285812,39
285628,39
285552,39
285496,39
401131,39
50564223,39
51062104,39
234624,39.2
216473,39.21
234634,39.4
50981596,39.6
234597,39.6
216354,39.89
50496370,40
50611011,40
50475563,40
400933,40
400943,40
400946,40
401048,40
400910,40
400651,40
352695,40
352338,40
352302,40
285752,40
285688,40
285529,40
286787,40
286793,40
50417501,40
50665798,40
51095849,40
216312,40.28
50973018,40.4
234633,40.6
234625,40.7
234590,40.9
50494048,41
50559434,41
50665767,41
50665801,41
50710829,41
50976240,41
414818,41
414894,41
400846,41
418595,41
352470,41
352365,41
352377,41
50357805,41
50357813,41
352311,41
285820,41
285715,41
285683,41
255685,41
399540,41.1
221710,41.16
216313,41.18
216495,41.4
234593,41.8
216494,41.87
414931,42
50848729,42
400765,42
352433,42
352461,42
352474,42
352392,42
50252415,42
285831,42
285500,42
285508,42
401031,42
50565953,42
50569668,42
234549,42.1
50973023,42.3
258335,42.3
216526,42.52
216551,42.66
234611,42.8
443916,43
50417500,43
51045320,43
285832,43
285787,43
285984,43
352414,43
50365813,43
414914,43
401149,43
234646,43.1
216432,43.55
216421,43.61
216339,43.74
234528,43.8
216527,43.97
443862,44
50905611,44
401005,44
401046,44
400928,44
400817,44
400670,44
352724,44
352614,44
352560,44
50247868,44
285709,44
285754,44
286816,44
414896,44
50715373,44
50976224,44
51045325,44
234651,44.6
234551,44.7
234579,44.9
50371567,45
352613,45
352543,45
352593,45
352478,45
352371,45
50665803,45
286781,45
285921,45
50710834,45
216394,45.02
216510,45.65
234620,45.8
216537,45.95
401037,46
50937695,46
400797,46
400675,46
352472,46
352372,46
50357818,46
351823,46
285965,46
286800,46
285420,46
285448,46
400881,46
234610,46.2
234545,46.8
216481,46.97
50371596,47
50559433,47
414924,47
414946,47
401282,47
401054,47
400856,47
352701,47
400649,47
352611,47
352631,47
352493,47
352299,47
294092,47
50157311,47
285827,47
285672,47
285405,47
50371605,47
50948703,47
216411,47.41
50371602,48
50712415,48
50475527,48
50712301,48
401130,48
401033,48
400707,48
352630,48
352541,48
352355,48
285838,48
285658,48
286802,48
50976227,48
50715362,48
234552,48.4
399536,48.7
352715,49
50842778,49
352557,49
50357817,49
285946,49
285631,49
285590,49
285524,49
285413,49
285419,49
285435,49
255671,49
400653,49
50564602,49
51095842,49
50715361,49
50665745,49
234648,49.8
234641,49.9
400940,50
50541098,50
50420835,50
50224274,50
285748,50
285434,50
285443,50
352562,50
50611010,50
50715371,50
50715370,50
51091106,50
50948692,50
234602,50.2
234588,50.7
234582,50.8
234643,50.8
50494058,51
50842792,51
411893,51
50391278,51
352707,51
352629,51
352594,51
352462,51
285920,51
285835,51
285746,51
285617,51
50371626,51
50665751,51
50842767,51
216373,51.06
414942,52
414987,52
414906,52
352620,52
352517,52
50559432,52
352446,52
302580,52
352523,52
50665748,52
50905641,52
234561,52.6
414907,53
400880,53
352553,53
352353,53
294102,53
50848755,53
51073003,53
285721,53
50976243,53
50610996,53
216416,53.86
50371564,54
400647,54
352608,54
352612,54
352587,54
352322,54
294097,54
51073015,54
286801,54
234532,54.3
216475,54.48
234543,54.7
216550,54.84
399537,55
50848732,55
400802,55
352723,55
352460,55
352488,55
352378,55
285776,55
285472,55
285425,55
418573,55
50611007,55
234599,55.2
221711,55.49
234604,55.6
50371607,56
414904,56
352530,56
285738,56
50715363,56
50705203,0.3
351117,0.3
50496764,0.31
233790,0.3102
50705200,0.33
233760,0.3428
50705198,0.35
50705188,0.35
50705193,0.36
233819,0.3889
414992,0.4
50502942,0.4
216221,0.4
50705204,0.4
50705205,0.4
50665773,0.4
216372,0.41
216378,0.46
233856,0.4635
50705187,0.47
400761,0.5
401124,0.5
399539,0.5
51095853,0.5
50905645,0.5
51045309,0.5
50705182,0.5
50705192,0.5
50705199,0.5
216400,0.5
50705181,0.5
233858,0.5116
50199378,0.52
50705190,0.54
399697,0.55
216379,0.55
399699,0.55
399700,0.55
399701,0.55
399702,0.55
399703,0.55
399704,0.55
399705,0.55
399706,0.55
399707,0.55
399708,0.55
399709,0.55
399710,0.55
399711,0.55
399712,0.55
50842774,56
51061934,56
50560651,56
285612,56
234594,56.2
216466,56.24
400828,57
400619,57
352643,57
51061927,57
352599,57
352601,57
352663,57
414945,58
400950,58
352606,58
285936,58
50920140,58
285664,58
50710837,58
50712266,58
216509,58.04
401125,59
400899,59
352622,59
352581,59
285951,59
285989,59
50842805,59
285923,59
285874,59
50665757,59
50624600,59
234650,59.3
216492,59.74
234581,59.8
415013,60
401175,60
352731,60
352619,60
352627,60
352533,60
50507318,60
285569,60
285471,60
285952,60
50710833,60
50976242,60
216300,60.26
216227,60.4
414972,61
50665793,61
352729,61
352364,61
50252419,61
50269545,61
294100,61
285793,61
285736,61
285750,61
285571,61
50081076,61
286780,61
414903,61
50948687,61
50948686,61
234569,61.1
216511,61.59
216523,61.87
401283,62
50710832,62
352711,62
352526,62
352537,62
352561,62
50252423,62
294082,62
294098,62
285811,62
414901,62
50715366,62
50715357,62
234600,62.2
234553,62.5
234652,62.5
414938,63
401013,63
401036,63
352624,63
50937684,63
352552,63
285844,63
352664,63
234619,63.6
400992,64
400868,64
352576,64
352304,64
285634,64
50948688,64
50973024,64.2
401143,65
352556,65
352577,65
50417557,65
50413178,65
285899,65
285706,65
50559420,65
50081078,65
234629,65.4
221722,65.42
234575,65.8
216497,65.86
414957,66
352482,66
294096,66
216337,66.38
234567,66.9
443903,67
447072,67
50494053,67
415004,67
401268,67
50559400,67
285802,67
285626,67
285519,67
50937696,67
400679,67
411891,68
401080,68
400892,68
352625,68
50842798,68
50307579,68
50665744,68
50957065,68.3
234572,68.4
50973019,68.6
443890,69
414897,69
50559431,69
401105,69
285716,69
401085,69
400996,70
400830,70
400684,70
50466185,70
352563,70
352369,70
50905616,70
285404,70
51062111,70
286804,70
50665760,70
50976244,70
216422,70.04
216360,70.8
443875,71
50371562,71
50475529,71
400945,71
400958,71
400922,71
400757,71
352659,71
352514,71
50353903,71
50307565,71
294184,71
285821,71
234568,71
234530,71.7
400918,72
400843,72
370869,72
352582,72
352428,72
50569674,72
285740,72
285502,72
352451,72
50712302,72
234586,72.2
414863,73
401141,73
400853,73
400873,73
400814,73
50413176,73
50715344,73
294080,73
285887,73
285564,73
51073016,73
50307586,73
216431,73.74
216456,73.75
443901,74
414927,74
400908,74
50665747,74
285601,74
400650,74
216450,74.59
399538,75
414940,75
400694,75
285897,75
285635,75
50905690,75
285473,75
50541099,75
50611002,75
234564,75.4
216559,75.48
414902,76
414916,76
400962,76
352416,76
352291,76
285599,76
285464,76
258441,76.7
50494438,77
414898,77
414918,77
401058,77
352568,77
50842813,77
50109759,77
51045321,77
285652,77
50976236,77
216325,77.18
216324,77.84
50371604,78
50494049,78
401090,78
400806,78
50440521,78
352400,78
294081,78
285931,78
400685,78
414952,79
414961,79
401107,79
50665804,79
352383,79
285414,79
401039,79
216491,79.87
401086,80
352669,80
352677,80
50081139,80
50417558,80
285691,80
50353910,80
50494041,81
414823,81
400858,81
50559399,81
352500,81
234617,81
352539,81
50371622,82
414955,82
50365808,82
50715355,82
285777,82
285402,82
400891,82
401277,83
400944,83
400857,83
418569,83
352366,83
285795,83
50560644,83
50094246,83
51061930,83
50976241,83
50665750,83
50559398,83
286812,83
401218,84
401016,84
352468,84
50357822,84
285633,84
285659,84
50905612,84
285572,84
50976239,84
51062107,84
216430,84.5
234580,84.8
234573,84.9
50366057,85
414912,85
400906,85
352483,85
302596,85
50710800,85
285972,85
285711,85
285734,85
50307559,85
50948716,85
234576,85.1
401111,86
50353844,86
352501,86
418580,86
414910,87
400878,87
352510,87
50905619,87
285627,87
51073001,87
50157309,87
50365822,88
400942,88
302586,88
50559397,88
50109761,88
285916,88
234574,88.6
400657,89
352632,89
352675,89
50948723,89
352384,89
285522,89
51073002,89
352356,89
352679,90
50715347,90
352502,90
294095,90
50224269,90
285894,90
50081152,90
352528,90
50920151,90
51095841,90
51095846,90
50710831,90
50937690,90
234630,90.4
234578,90.6
400995,91
400634,91
352542,91
255684,91
294077,91
294085,91
352381,91
50371600,92
414950,92
400631,92
285676,92
234592,92.2
400994,93
352449,93
50081140,93
285498,93
294181,93
50494042,94
400999,94
285919,94
352362,94
352408,94
352456,94
50494026,95
400871,95
352700,95
50560646,95
352405,95
50665820,95
216387,95.79
414967,96
414915,96
400934,96
50976226,96
400909,96
400927,96
50247870,96
401034,96
50494002,97
50365816,97
400955,97
400861,97
50560643,97
352590,97
285689,97
352651,97
216347,97.47
234537,97.5
50494426,98
399535,98
414937,98
352467,98
294101,98
285690,98
216352,98.01
411892,99
352597,99
216433,99.52
443912,100
400872,100
50665796,100
50715358,100
50712303,100
50857180,100
51095834,100
285412,100
285638,100
50252416,100
50353911,100
50357809,100
352368,100
352551,100
352572,100
352574,100
352578,100
352641,100
50665746,100
50371603,101
50569673,101
285399,101
285429,101
335040,101
400728,101
370425,101
50371566,102
285828,102
285607,102
400972,102
400659,102
400672,102
400938,102
400957,103
401167,103
400947,103
285932,103
414954,104
285801,104
414827,104
255674,104
50981609,104
400898,105
401163,105
50094242,105
400816,105
414845,106
51045326,106
401097,106
285853,106
216239,106.1
258308,106.8
50391279,107
234566,107
50948690,107
285912,107
400998,107
262134,108
50920182,108
50920144,108
50541101,108
50371623,108
285418,109
294156,109
50564185,110
50624601,110
50665759,110
50715359,110
50937697,110
50948685,110
51090872,110
262060,110
262066,110
285724,110
285743,110
50252426,110
50353909,110
352288,110
352295,110
352447,110
352521,110
352547,110
352564,110
352579,110
399713,0.55
399714,0.55
399715,0.55
399716,0.55
399717,0.55
399718,0.55
399719,0.55
399720,0.55
399721,0.55
399722,0.55
399723,0.55
399724,0.55
399725,0.55
399726,0.55
399727,0.55
399728,0.55
399729,0.55
399730,0.55
399731,0.55
399732,0.55
399733,0.55
399734,0.55
399735,0.55
399736,0.55
399737,0.55
399738,0.55
399739,0.55
399740,0.55
399741,0.55
399742,0.55
399743,0.55
399698,0.55
273892,0.55
216310,0.55
233855,0.5559
233761,0.5728
233792,0.5802
400690,0.6
216255,0.6
400754,0.6
400762,0.6
401214,0.6
414975,0.6
414991,0.6
50199355,0.6
50246527,0.6
51095854,0.6
50905644,0.6
50905646,0.6
50624576,0.6
352628,110
352660,110
352683,110
262103,111
285956,111
414951,111
414969,111
401095,111
216363,111.13
216468,111.81
414960,112
262115,112
50559430,113
50842795,113
359267,113
285753,113
400709,113
51095836,113
401116,114
51073007,115
401012,115
285948,115
401052,115
234577,115
216348,115.68
216531,115.82
50559429,116
216389,116.17
255680,117
51073004,117
414825,117
400851,117
400678,117
51073012,117
414988,118
50948684,118
285504,119
285974,119
50665791,120
414908,120
255682,120
50976238,120
50715353,120
50715364,120
285558,120
285660,120
50094241,120
51091115,120
352566,120
352575,120
352339,120
50353899,120
50353916,120
50252429,120
400915,120
400935,120
50569675,120
285641,121
414979,121
294104,121
294091,121
51045315,122
400841,122
285756,122
262119,123
400932,123
285452,123
51045316,123
50842796,124
234534,125
414822,125
294083,125
400780,126
234563,126
400638,127
294093,127
400808,128
400883,128
418570,129
50371563,129
401194,129
216521,129.8
50981606,129.9
50665802,130
352511,130
50905620,130
50976246,130
352458,130
50353917,130
351817,130
351819,130
50252412,130
50252414,130
50252421,130
50252431,130
285696,130
352699,130
352734,130
216419,130.71
50307583,131
50559417,132
50848738,132
400984,132
414841,132
216449,132.71
262120,133
285924,133
401208,133
400727,133
414856,133
400706,133
51045312,134
294079,134
414999,134
414994,134
294087,134
216457,134.39
216388,134.47
50712417,135
414895,135
400803,135
285854,135
50948706,136
285938,136
285868,136
216476,136.55
294103,137
401010,137
401178,137
285400,138
400723,138
50246529,138
50611003,139
401038,139
400770,139
50546705,140
50715360,140
50081137,140
51095843,140
50353904,140
50365791,140
50466186,140
352499,140
352529,140
50494022,140
352674,140
285755,141
50842771,141
262105,142
50157174,142
216438,142.78
294094,143
216362,143.05
285655,144
401114,144
216358,144.8
285646,145
294088,145
414905,145
400931,145
400860,145
262114,146
414962,146
400729,146
50081095,146
400688,147
285718,147
414943,148
50712419,148
401096,149
50937679,150
50475507,150
262064,150
50976237,150
50715343,150
50715356,150
50715368,150
285976,150
285600,150
352565,150
352569,150
352570,150
352336,150
352373,150
50252424,150
443914,150
50564205,150
51072996,151
285804,152
221714,152.3
50842784,153
401245,153
294106,153
50247871,154
401044,154
414859,154
400640,154
50712416,155
50494054,155
50081133,155
285649,155
51073000,156
400948,156
400889,156
258316,156
414982,157
400852,157
414848,158
401009,158
401089,158
216427,158.3
401185,159
216477,159.91
50715375,160
50905621,160
50546706,160
50905710,160
352484,160
262062,160
262072,160
352592,160
262049,160
50081099,161
401238,161
302592,161
400702,162
401106,162
50559428,163
400859,163
216514,163.75
285913,164
51073006,165
216391,165.79
50559427,166
401024,166
414947,166
50842806,167
221712,167.34
401104,168
294090,168
285925,169
50710842,170
402028,170
51061889,170
50937692,170
285789,170
285841,170
285427,170
262080,170
51095848,170
352580,170
50325519,170
352320,170
352358,170
352374,170
50353907,170
50252420,170
352706,170
352722,170
352522,170
50560642,170
302579,171
285940,172
401100,173
285661,173
400643,174
51073009,174
285637,175
401120,175
50081086,175
50948681,176
285433,176
401014,176
400777,176
418571,176
50948691,177
401161,177
302571,177
285491,178
400779,178
50081138,178
50081102,178
302587,179
400775,179
401103,179
50709435,180
50371565,180
50665761,180
50715374,180
285780,180
285950,180
285656,180
352310,180
352334,180
352655,180
50466191,180
352498,180
352531,180
352546,180
216544,180.36
400686,181
50371601,181
50371578,181
400793,182
294182,183
401117,183
400773,183
400700,183
285969,184
51045279,184
51061893,184
401011,184
50094250,184
50494003,184
401153,184
221715,184.7
285415,185
401082,185
414830,185
50559425,186
285837,186
400778,186
294089,186
258352,186
414909,187
51045282,188
50624602,190
352494,190
50905617,190
51061891,190
51062077,190
50094243,190
51073013,190
352595,190
352376,190
352394,190
352398,190
352453,190
352485,190
50357823,190
352657,190
352681,190
352685,190
50665821,190
414926,191
401083,191
401000,191
216446,191.93
50948705,193
400630,193
216516,193.08
401007,194
51062106,194
50569676,195
285816,195
401004,195
401272,195
401151,195
258346,195
216522,196.66
216532,198.22
50611001,200
402087,200
50546704,200
285953,200
285632,200
285677,200
51095835,200
51061890,200
352506,200
352532,200
352596,200
352626,200
352342,200
352360,200
352391,200
352439,200
50353898,200
50357819,200
50905623,200
400751,201
50559396,202
414854,202
285411,202
216533,203.1
51045281,206
400708,206
415007,206
285819,208
400850,208
400813,208
50848739,209
400668,209
50948682,209
50665743,210
400776,210
50905614,210
285593,210
50715369,210
352682,210
352602,210
352300,210
352305,210
352367,210
50353906,210
50353908,210
50252432,210
50413174,210
50665749,210
400831,211
285570,212
50421311,212
51073005,212
216423,212.47
401084,214
285670,215
400673,215
294086,215
50307592,216
401228,216
285713,216
50353901,216
285942,218
401236,218
216382,218.02
216346,219.62
50937683,220
262104,220
50976235,220
50715365,220
50715367,220
414939,220
352544,220
352640,220
50307593,220
352286,220
302589,220
352662,220
400985,221
50848749,222
88551,223
216478,223.03
400810,224
216448,224.04
285774,225
401205,225
50247873,225
50371597,226
285463,226
50081101,227
216280,229.5
50922767,230
50665818,230
50665713,230
50665742,230
50665755,230
401015,230
50715346,230
352600,230
352621,230
352395,230
50417565,230
50976247,230
51045317,231
401115,233
50371599,234
400799,234
401035,234
400907,235
285986,235
401152,237
401121,237
401018,238
31832,240
285859,240
400930,240
402086,240
285648,240
400636,241
285866,242
400811,242
50973020,242
400800,243
285927,243
414977,245
50325531,246
401076,247
285431,247
401027,248
400939,249
401101,249
51062118,250
50710788,250
352690,250
50252413,250
352496,250
352642,250
352287,250
352486,250
216445,251.31
50705179,0.6
216212,0.6
216240,0.6
216254,0.6
400726,0.6
233840,0.6186
443889,0.62
233847,0.6379
50948664,0.64
50199353,0.64
216371,0.65
351118,0.65
285507,0.66
216304,0.66
233762,0.662
216309,0.67
50417722,0.7
400734,0.7
400735,0.7
400752,0.7
414976,0.7
216253,0.7
51092868,0.7
50948667,0.7
216208,0.7
216242,0.7
415002,0.7
216401,0.71
233758,0.7285
216357,0.73
216331,0.75
216303,0.75
50199354,0.77
285469,0.79
50466350,0.8
400731,0.8
401162,0.8
401173,0.8
51095859,0.8
51061873,0.8
50705189,0.8
50948659,0.8
216263,0.8
51045310,0.8
51061871,0.8
50665780,0.8
233770,0.8108
233788,0.8331
233787,0.8586
50417725,0.9
285742,254
414850,255
285505,255
258321,257
216485,257.43
400973,258
414948,258
50937680,260
50905613,260
285559,260
443913,260
352588,260
352450,260
50353915,260
50976245,260
262106,262
400963,262
216349,262.42
401207,264
50712367,265
401112,265
285855,265
400635,267
414853,268
216534,269.87
50560638,270
50905689,270
50534689,2.70E+02
285800,270
50081089,270
402071,270
359269,270
352585,270
352293,270
402068,270
50494024,270
216447,270.24
400975,271
401156,273
294078,273
50269542,274
50611008,274
414857,275
401229,276
258336,278
401119,279
50715354,280
50353905,280
400674,280
400882,280
50252422,280
50710840,282
401003,283
50560647,285
400986,285
285521,285
285813,285
414855,286
262132,286
400681,287
285922,290
50094247,290
262063,290
50937686,290
50466251,290
402077,290
352586,290
352616,290
352644,290
352410,290
352524,290
415018,292
400787,293
50325534,293
400682,295
285943,295
400809,297
50559423,298
400961,298
401028,298
50848740,298
50494016,300
50094255,300
402049,300
402025,300
352354,300
352688,300
401273,301
50109768,302
401118,303
50559416,303
285945,306
414997,306
216296,307.1
401258,308
302575,308
285988,308
302593,309
352607,310
50357826,310
351815,310
352357,310
50466192,310
262065,310
258527,311
50081141,312
302562,313
262116,314
400801,314
285929,315
216486,316.51
400997,318
400941,318
400954,318
400953,318
401002,318
50948718,318
50081083,319
400805,319
50440515,320
285409,320
50560639,320
51045280,321
401122,322
50559395,322
401219,323
415008,323
50848757,323
216294,324.1
401209,325
50559394,326
401099,326
216508,326.43
216298,326.56
216351,327.52
50981545,327.7
50920225,330
50976220,330
50709438,330
50440527,330
50937689,330
352656,330
352638,330
50307563,331
255678,333
50560649,333
401098,334
401093,334
285645,335
401266,336
400969,336
400951,336
401092,339
294084,339
352303,340
352618,340
352725,340
352285,340
51045314,345
50948689,345
359268,346
50920175,346
400749,348
294105,348
50665799,350
50353902,350
50252418,350
50413126,350
352584,350
402079,350
402015,350
401017,350
352689,350
255676,350
50391280,351
50269538,352
401138,352
414911,352
400976,353
285644,355
401139,355
51045318,355
285432,357
50848756,359
352388,360
216499,360.56
401022,363
401135,365
216471,365.41
401075,366
414821,367
414837,369
50307591,369
50665806,370
50440516,370
50353913,370
50357815,370
50417532,370
352617,370
402045,370
402050,370
352666,370
352516,370
50937685,370
418593,371
414963,371
401001,372
302588,372
400966,373
302585,373
50559426,374
216235,374.9
285805,375
216444,377.05
51072999,379
50705209,379
50252427,380
352591,380
50081143,380
302557,381
414917,383
50948649,385
50981543,386.4
414826,387
258345,388
50417522,390
50466190,390
352676,390
50325527,392
50560635,393
50081090,398
216350,398.69
285642,400
400825,400
50252425,400
352386,400
352415,400
352477,400
400628,404
400637,405
401184,409
51062117,410
352316,410
414840,411
414831,411
302581,412
414858,413
302570,413
400641,414
258351,418
216385,418.16
258528,419
352490,420
352370,420
285858,420
50391276,421
50157162,421
400980,423
285955,425
414864,426
302591,426
401087,428
258349,429
50357821,430
285807,430
352385,430
414839,430
414838,432
285441,434
302576,434
285451,436
402034,440
50564193,440
401246,440
216224,440.6
401211,444
258460,444
414900,444
400978,445
258519,445.8
51062103,446
51073008,446
50842817,446
50981533,447
400826,447
255687,447
401019,448
402047,450
50709436,450
50413146,450
294148,452
50981531,452
400824,453
216361,453.17
400815,460
50109832,460
401078,463
285428,464
401217,466
400967,466
400772,466
50559393,467
414860,468
401244,468
50560636,470
258315,470
352393,470
50353914,470
50905691,470
216232,470.2
258391,472
50494007,475
50948717,476
50612735,480
50705206,480
285937,480
352709,480
294112,483
400970,484
401279,487
216340,487.83
50920146,488
400642,488
51092855,490
51091084,490
443886,490
50948683,490
352411,490
400965,491
294153,496
414817,496
258530,499
285863,500
50269537,500
50353912,500
285941,500
50366063,500
50560645,500
50569680,501
400842,503
216525,504.69
50981538,505
401166,506
401109,507
352298,510
50612737,510
400990,510
50715376,510
302598,512
50610994,512
50712418,515
216528,519.79
50494018,520
50081148,520
401079,521
401215,524
258452,524
216484,524.3
216505,529.59
50665800,530
50665792,530
50494009,531
50559392,533
414928,533
50643674,536
50610997,540
401030,542
302559,542
50559415,545
50325524,547
50559422,549
402081,550
50466195,550
352473,550
302582,551
258512,551
401088,558
50325529,558
400662,559
50560633,560
352691,560
50905631,560
352296,560
352668,560
216436,566.68
216225,568
302597,569
401029,570
352290,570
50252411,570
50417499,570
402024,570
216343,570.68
216390,571.33
302569,574
258365,575
285653,575
50291818,575
50413172,580
402084,580
51062110,580
400867,582
400865,582
401077,585
216441,586.02
255673,589
50981535,591
216546,591.96
50325526,594
401242,595
302573,597
50842812,600
352331,600
216524,600.24
400971,603
302560,607
50981549,608.9
285861,610
51069457,610
50325525,613
400627,614
50981553,615
258529,616
50109773,619
50307590,620
285744,620
352292,620
50981544,621.7
401081,628
414824,628
402048,630
50610989,630
285410,635
262107,636
50357824,640
50357820,640
400866,641
216342,646.78
50925813,650
216408,650.29
88602,653
401110,656
50466198,660
285856,665
258522,665.6
258382,666
401198,667
51091112,670
258511,670
400979,671
216443,674.8
285643,675
50109774,677
50094254,680
50712311,682
50325523,684
50569679,685
50325532,686
50639635,688
411890,689
50307558,690
50081142,690
50981529,695
285398,696
258380,698
258362,699
302566,700
370877,700
414833,703
401023,704
352445,710
402055,710
401025,711
50247872,718
352708,720
50546699,720
50417512,720
50715352,720
50494010,732
401265,735
400703,738
50440517,740
51061887,740
50246374,740
352471,740
352413,740
352492,740
400920,745
50981540,745.7
400821,747
50611005,750
352713,750
302565,750
352475,750
51095861,0.9
285533,0.9
216203,0.9
50705178,0.9
50948660,0.9
50981590,0.9
50624577,0.9
285536,0.95
216306,0.95
285903,0.95
216370,0.97
50712271,1
50864937,1
50665772,1
50665775,1
50665776,1
50705191,1
50705201,1
50611006,1
50611009,1
50624578,1
50202795,1
50881313,1
262108,1
262109,1
262110,1
262111,1
262113,1
262124,1
262127,1
262128,1
262129,1
262130,1
262042,1
262043,1
262073,1
262075,1
262076,1
233789,1
233791,1
233793,1
230593,1
51095852,1
51095856,1
51095863,1
216286,1
216206,1
414835,755
414836,756
401189,758
258425,759
401263,759
258465,759
401168,760
402032,760
50712414,761
50981559,763
415014,769
401174,770
50440529,770
402083,770
401196,773
401171,775
400656,780
50494008,786
294111,790
50612741,790
402040,790
443885,790
50440526,790
401223,794
50981534,795
400952,798
402082,800
402046,800
51091080,800
285651,800
402052,800
302594,801
302558,803
400823,809
400968,809
400710,813
401200,814
50920147,815
216547,816.37
262122,818
352333,820
50937682,820
414861,823
216470,827.82
50466189,830
50709437,830
402051,830
401026,830
401191,832
414829,835
50325522,835
50560648,840
50564197,840
400792,841
414820,841
400812,842
221721,848.7
400977,849
51045347,850
50365811,850
401243,851
50546698,860
400655,861
258381,869
400795,870
50905615,880
352515,880
51061886,880
262131,885
400818,888
50081117,891
294142,892
51062113,900
50857182,900
400774,903
50157257,907
50494056,908
50466196,910
352639,910
50905701,910
402022,910
50494035,910
285860,910
50269541,911
401253,912
262121,917
400900,917
216297,927.1
216293,927.5
50937681,930
302563,933
352407,940
401154,940
352448,940
302590,946
50307601,950
50094249,950
414834,955
50981554,956.1
400786,958
50712368,959
402044,970
50307606,972
50981552,974.7
50094248,980
401197,981
302583,987
285985,990
414891,994
216548,998.92
352319,1000
285803,1000
285408,1000
51062115,1000
50981555,1000
50934231,1000
50560637,1000
401250,1004
414828,1005
262133,1006
400771,1009
50712366,1010
50081080,1010
51062108,1010
216554,1018.22
50421312,1020
401261,1029
88606,1036
401225,1037
50325533,1044
401020,1049
50391282,1050
400785,1050
285864,1050
50981528,1051
50981546,1052.5
401259,1053
400820,1053
50307603,1068
414849,1070
50948648,1071
401262,1078
216529,1078.21
302577,1080
88627,1081
414890,1084
414832,1089
216201,1089.1
51045348,1100
285654,1100
50486455,1100
50905688,1100
402059,1100
50546703,1100
402063,1100
302574,1100
50937691,1100
50665714,1100
50546697,1100
414844,1101
216418,1103.03
400784,1104
216451,1108.85
414882,1110
50440525,1110
88610,1110
414847,1111
50610995,1115
414883,1124
88568,1138
50710839,1140
216493,1148.54
302578,1150
216399,1156.98
50712381,1170
50712304,1170
400829,1180
400982,1186
401102,1194
414869,1196
216319,1197.86
88567,1199
402061,1200
402065,1200
50494033,1200
402031,1200
402053,1200
50976248,1200
285862,1200
302572,1200
50974792,1200
414892,1204
216483,1205.98
51062116,1210
216271,1210.9
50440528,1220
50094253,1225
262059,1230
414842,1231
51092849,1238
51062114,1250
88628,1263
51092852,1270
51092860,1270
414816,1270
400804,1298
402041,1300
50920143,1300
50905687,1300
402042,1300
285442,1300
50413183,1300
50413169,1300
50423593,1300
50366066,1300
414852,1304
216299,1312.24
216219,1321.1
216258,1326.3
50981536,1328
401133,1333
414872,1337
216539,1339.32
88571,1342
51062105,1350
50715350,1350
221720,1355
50712365,1370
50109781,1377
414865,1386
50981530,1391
401254,1392
414884,1395
50423542,1400
50466197,1400
402043,1400
50610985,1400
302561,1400
51073011,1400
50494017,1400
50948699,1406
216496,1411.38
401251,1419
51045285,1420
88619,1421
401260,1430
50981539,1431.3
216545,1434.69
401091,1435
50612699,1440
50920223,1444
50446011,1450
414843,1460
50325528,1475
50712310,1480
51092848,1480
400796,1481
400616,1481
400790,1481
400974,1481
400789,1481
400788,1481
400783,1481
400983,1481
216213,1
216228,1
216234,1
414970,1
401233,1
401065,1
401146,1
401192,1
401230,1
400895,1
400696,1
400730,1
400622,1
352348,1
50423598,1
50307562,1
50307574,1
50307580,1
285981,1
285888,1
285773,1
285764,1
285686,1
285539,1
285543,1
285548,1
285549,1
285479,1
285516,1
285518,1
285532,1
285534,1
262077,1
262085,1
262086,1
262088,1
262089,1
262091,1
262092,1
262093,1
262094,1
262095,1
262096,1
262097,1
216454,1.06
401271,1481
401274,1481
400791,1481
401021,1481
400981,1481
401108,1481
400964,1481
400639,1481
216455,1491.53
402017,1500
50715348,1500
285857,1500
50094252,1500
50905705,1500
88608,1500
50715349,1500
50368934,1505
370850,1507
50981532,1510
216281,1531.9
50560641,1550
50440524,1570
51023737,1585
50937678,1600
402018,1600
50423584,1600
50423597,1600
50715351,1600
50440534,1600
50948721,1615
50712371,1620
88609,1631
51092856,1637
216402,1646.77
88576,1666
88538,1676
216458,1690.16
50475537,1699
50466193,1700
402033,1700
50715345,1700
51062109,1710
88548,1711
50601877,1721
50378450,1746
50094239,1750
50715341,1750
221716,1760
88597,1760
216462,1792.1
402035,1800
402058,1800
50365802,1800
290214,1.80E+03
50560632,1800
50094244,1810
50848737,1860
402072,1900
402023,1900
402027,1900
50905686,1900
88626,1924
50440522,1950
50440513,1950
50981537,1971
216556,1977.01
51073010,2000
402057,2000
402054,2000
402013,2000
402014,2000
402030,2000
302564,2020
51045284,2030
51045346,2040
88580,2067
88633,2072
50919372,2110
88614,2113
216420,2114.62
51092857,2130
50712370,2130
50948693,2132
51069488,2160
50948701,2165
50981527,2166
50712314,2190
402064,2200
402029,2200
50423581,2200
88596,2259
50446457,2270
88542,2283
51062112,2320
402026,2400
50109786,2400
50712369,2400
88556,2404
50412956,2451
88553,2460
216259,2496.3
50423594,2500
352289,2500
50919368,2500
50919374,2500
88603,2506
153842,2550
50920219,2550
50466252,2600
50423589,2600
50423590,2600
216437,2623.32
88620,2656
50981548,2699.9
50446018,2700
50348932,2700
50624603,2700
50665756,2700
50423588,2700
216557,2757.82
50446058,2780
216464,2795.86
50423587,2800
88543,2833
50948697,2874
50665576,2882
50712364,2890
50446459,2890
50494015,2900
50710803,2900
50423583,2900
88541,2906
50307587,2910
50336857,2911
88549,2966
216231,2973.1
216461,2999
216530,2999
216541,2999
216215,2999
216326,2999
216407,2999
216405,2999
216398,2999
216210,2999
50905704,3000
88623,3020
216540,3021.96
50446008,3040
50092225,3068
216469,3084.02
50500894,3100
88589,3125
50423585,3150
50610993,3157
50500899,3200
50500909,3200
50560631,3250
88635,3261
50715342,3300
88593,3311
88546,3336
88595,3341
302584,3370
50560634,3400
88569,3498
88586,3503
50246392,3524
50440520,3550
88558,3565
51062080,3610
88638,3615
88536,3619
88561,3644
88557,3676
88599,3699
402056,3700
51095778,3700
50269543,3710
88540,3741
88604,3759
302595,3760
88585,3850
51092866,3850
50500896,3900
50440523,3900
50712362,3940
50610988,3940
50712312,3950
50610998,4100
50423586,4100
50269539,4200
50569672,4200
88636,4217
51061885,4230
88621,4277
402085,4300
50494014,4300
88598,4365
88573,4373
88583,4387
50371580,4410
50246393,4546
88581,4555
88613,4605
88534,4613
88559,4653
50157180,4666
88539,4670
50920221,4700
50905707,4700
50348832,4700
50423596,4700
50712372,4720
50445974,4740
88612,4768
50494034,4800
50423592,4800
50374019,4891
50246375,4982
50981608,5000
50919373,5000
50546702,5000
221717,5070
50509276,5100
88570,5185
88535,5197
88629,5308
88560,5328
88607,5462
51045287,5480
50348927,5600
50546701,5600
302567,5630
88631,5658
88611,5677
50224268,5700
50440518,5800
88565,5896
50423591,5900
88587,5938
50224258,6000
51090879,6000
88533,6007
221718,6449
50981550,6486.7
88637,6492
216558,6499
216538,6499
216490,6499
50905685,6500
88531,6512
88616,6561
50269544,6620
88564,6662
50348933,6700
88550,6798
50408203,6864
88625,6871
88592,6884
50296903,6900
50905709,6900
88622,6962
50560650,7000
50466199,7100
88615,7122
302568,7180
50842762,7218
88574,7255
402037,7500
88578,7505
88562,7519
88617,7532
221719,7731
88601,7757
50712313,7830
88555,7832
50981562,8138
88532,8174
88566,8322
88634,8349
50610991,8350
88600,8352
88594,8441
50296900,8500
88575,8516
50440519,8580
88588,8616
88590,8759
51045283,8900
51095768,8900
402066,9000
50920222,9150
50440512,9300
50494023,9300
402080,9500
50296899,9500
88630,9549
50494020,9600
50446062,9620
51092859,9687
50446056,9900
216542,9999
216543,9999
216555,9999
216409,9999
216410,9999
216428,9999
216452,9999
216214,9999
216216,9999
216217,9999
216218,9999
216230,9999
216261,9999
216267,9999
216287,9999
216288,9999
216289,9999
216290,9999
216291,9999
216292,9999
3041,9999
